"<img src=""QA_C_subprint_ver_space_220525_003.jpeg"">","<img src=""QA_C_subprint_220525_003.jpeg"">"
"<img src=""QA_C_subprint_ver_space_220525_004.jpeg"">","<img src=""QA_C_subprint_220525_004.jpeg"">"
"<img src=""QA_C_subprint_ver_space_220525_005.jpeg"">","<img src=""QA_C_subprint_220525_005.jpeg"">"
"<img src=""QA_C_subprint_ver_space_220525_006.jpeg"">","<img src=""QA_C_subprint_220525_006.jpeg"">"
"<img src=""QA_C_subprint_ver_space_220525_007.jpeg"">","<img src=""QA_C_subprint_220525_007.jpeg"">"
"<img src=""QA_C_subprint_ver_space_220525_008.jpeg"">","<img src=""QA_C_subprint_220525_008.jpeg"">"
"<img src=""QA_C_subprint_ver_space_220525_009.jpeg"">","<img src=""QA_C_subprint_220525_009.jpeg"">"
"<img src=""QA_C_subprint_ver_space_220525_010.jpeg"">","<img src=""QA_C_subprint_220525_010.jpeg"">"
"<img src=""QA_C_subprint_ver_space_220525_011.jpeg"">","<img src=""QA_C_subprint_220525_011.jpeg"">"
"<img src=""QA_C_subprint_ver_space_220525_012.jpeg"">","<img src=""QA_C_subprint_220525_012.jpeg"">"
"<img src=""QA_C_subprint_ver_space_220525_013.jpeg"">","<img src=""QA_C_subprint_220525_013.jpeg"">"
"<img src=""QA_C_subprint_ver_space_220525_014.jpeg"">","<img src=""QA_C_subprint_220525_014.jpeg"">"
"<img src=""QA_C_subprint_ver_space_220525_015.jpeg"">","<img src=""QA_C_subprint_220525_015.jpeg"">"
"<img src=""QA_C_subprint_ver_space_220525_016.jpeg"">","<img src=""QA_C_subprint_220525_016.jpeg"">"
"<img src=""QA_C_subprint_ver_space_220525_017.jpeg"">","<img src=""QA_C_subprint_220525_017.jpeg"">"
"<img src=""QA_C_subprint_ver_space_220525_018.jpeg"">","<img src=""QA_C_subprint_220525_018.jpeg"">"
"<img src=""QA_C_subprint_ver_space_220525_019.jpeg"">","<img src=""QA_C_subprint_220525_019.jpeg"">"
"<img src=""QA_C_subprint_ver_space_220525_020.jpeg"">","<img src=""QA_C_subprint_220525_020.jpeg"">"
"<img src=""QA_C_subprint_ver_space_220525_021.jpeg"">","<img src=""QA_C_subprint_220525_021.jpeg"">"
"<img src=""QA_C_subprint_ver_space_220525_022.jpeg"">","<img src=""QA_C_subprint_220525_022.jpeg"">"
"<img src=""QA_C_subprint_ver_space_220525_023.jpeg"">","<img src=""QA_C_subprint_220525_023.jpeg"">"
"<img src=""QA_C_subprint_ver_space_220525_024.jpeg"">","<img src=""QA_C_subprint_220525_024.jpeg"">"
"<img src=""QA_C_subprint_ver_space_220525_025.jpeg"">","<img src=""QA_C_subprint_220525_025.jpeg"">"
"<img src=""QA_C_subprint_ver_space_220525_026.jpeg"">","<img src=""QA_C_subprint_220525_026.jpeg"">"
"<img src=""QA_C_subprint_ver_space_220525_027.jpeg"">","<img src=""QA_C_subprint_220525_027.jpeg"">"
"<img src=""QA_C_subprint_ver_space_220525_028.jpeg"">","<img src=""QA_C_subprint_220525_028.jpeg"">"
"<img src=""QA_C_subprint_ver_space_220525_029.jpeg"">","<img src=""QA_C_subprint_220525_029.jpeg"">"
"<img src=""QA_C_subprint_ver_space_220525_030.jpeg"">","<img src=""QA_C_subprint_220525_030.jpeg"">"
"<img src=""QA_C_subprint_ver_space_220525_031.jpeg"">","<img src=""QA_C_subprint_220525_031.jpeg"">"
"<img src=""QA_C_subprint_ver_space_220525_032.jpeg"">","<img src=""QA_C_subprint_220525_032.jpeg"">"
"<img src=""QA_C_subprint_ver_space_220525_033.jpeg"">","<img src=""QA_C_subprint_220525_033.jpeg"">"
"<img src=""QA_C_subprint_ver_space_220525_034.jpeg"">","<img src=""QA_C_subprint_220525_034.jpeg"">"
"<img src=""QA_C_subprint_ver_space_220525_035.jpeg"">","<img src=""QA_C_subprint_220525_035.jpeg"">"
"<img src=""QA_C_subprint_ver_space_220525_036.jpeg"">","<img src=""QA_C_subprint_220525_036.jpeg"">"
"<img src=""QA_C_subprint_ver_space_220525_037.jpeg"">","<img src=""QA_C_subprint_220525_037.jpeg"">"
"<img src=""QA_C_subprint_ver_space_220525_038.jpeg"">","<img src=""QA_C_subprint_220525_038.jpeg"">"
"<img src=""QA_C_subprint_ver_space_220525_039.jpeg"">","<img src=""QA_C_subprint_220525_039.jpeg"">"
"<img src=""QA_C_subprint_ver_space_220525_040.jpeg"">","<img src=""QA_C_subprint_220525_040.jpeg"">"
"<img src=""QA_C_subprint_ver_space_220525_041.jpeg"">","<img src=""QA_C_subprint_220525_041.jpeg"">"
"<img src=""QA_C_subprint_ver_space_220525_042.jpeg"">","<img src=""QA_C_subprint_220525_042.jpeg"">"
"<img src=""QA_C_subprint_ver_space_220525_043.jpeg"">","<img src=""QA_C_subprint_220525_043.jpeg"">"
"<img src=""QA_C_subprint_ver_space_220525_044.jpeg"">","<img src=""QA_C_subprint_220525_044.jpeg"">"
"<img src=""QA_C_subprint_ver_space_220525_045.jpeg"">","<img src=""QA_C_subprint_220525_045.jpeg"">"
"<img src=""QA_C_subprint_ver_space_220525_046.jpeg"">","<img src=""QA_C_subprint_220525_046.jpeg"">"
"<img src=""QA_C_subprint_ver_space_220525_047.jpeg"">","<img src=""QA_C_subprint_220525_047.jpeg"">"
"<img src=""QA_C_subprint_ver_space_220525_048.jpeg"">","<img src=""QA_C_subprint_220525_048.jpeg"">"
